Datetime,Water Level (m)
2025-09-06 12:00:00,0.40852287
2025-09-06 13:00:00,-0.04009491
2025-09-06 14:00:00,-0.4434659
2025-09-06 15:00:00,-0.6497446
2025-09-06 16:00:00,-0.2560799
2025-09-06 17:00:00,0.4326069
2025-09-06 18:00:00,1.1093166
2025-09-06 19:00:00,1.6660879
2025-09-06 20:00:00,1.9654974
2025-09-06 21:00:00,1.9000446
2025-09-06 22:00:00,1.5201237
2025-09-06 23:00:00,1.0436232
2025-09-07 00:00:00,0.54069823
2025-09-07 01:00:00,0.05562479
2025-09-07 02:00:00,-0.3812681
2025-09-07 03:00:00,-0.63111025
2025-09-07 04:00:00,-0.21945195
2025-09-07 05:00:00,0.51690286
2025-09-07 06:00:00,1.2562735
2025-09-07 07:00:00,1.8812082
2025-09-07 08:00:00,2.2580304
2025-09-07 09:00:00,2.2687504
2025-09-07 10:00:00,1.9090962
2025-09-07 11:00:00,1.4141212
2025-09-07 12:00:00,0.88437706
2025-09-07 13:00:00,0.35810316
2025-09-07 14:00:00,-0.12422434
2025-09-07 15:00:00,-0.53569853
2025-09-07 16:00:00,-0.48486325
2025-09-07 17:00:00,0.17113522
2025-09-07 18:00:00,0.94643056
2025-09-07 19:00:00,1.6175795
2025-09-07 20:00:00,2.089597
2025-09-07 21:00:00,2.2397375
2025-09-07 22:00:00,1.955635
2025-09-07 23:00:00,1.4884472
2025-09-08 00:00:00,0.96725965
2025-09-08 01:00:00,0.4414568
2025-09-08 02:00:00,-0.050215334
2025-09-08 03:00:00,-0.48621744
2025-09-08 04:00:00,-0.56726664
2025-09-08 05:00:00,0.07059502
2025-09-08 06:00:00,0.8949999
2025-09-08 07:00:00,1.6371268
2025-09-08 08:00:00,2.199282
2025-09-08 09:00:00,2.439293
2025-09-08 10:00:00,2.2295718
2025-09-08 11:00:00,1.7660236
2025-09-08 12:00:00,1.2366022
2025-09-08 13:00:00,0.69306093
2025-09-08 14:00:00,0.16777764
2025-09-08 15:00:00,-0.30228773
2025-09-08 16:00:00,-0.6162359
2025-09-08 17:00:00,-0.2029439
2025-09-08 18:00:00,0.5725578
2025-09-08 19:00:00,1.3448015
2025-09-08 20:00:00,1.9842286
2025-09-08 21:00:00,2.357334
2025-09-08 22:00:00,2.3124158
2025-09-08 23:00:00,1.8971252
2025-09-09 00:00:00,1.3864713
2025-09-09 01:00:00,0.8438581
2025-09-09 02:00:00,0.3104255
2025-09-09 03:00:00,-0.17056474
2025-09-09 04:00:00,-0.56497806
2025-09-09 05:00:00,-0.37405935
2025-09-09 06:00:00,0.36824006
2025-09-09 07:00:00,1.187131
2025-09-09 08:00:00,1.8904674
2025-09-09 09:00:00,2.3535137
2025-09-09 10:00:00,2.4300048
2025-09-09 11:00:00,2.0687103
2025-09-09 12:00:00,1.5642695
2025-09-09 13:00:00,1.0176271
2025-09-09 14:00:00,0.4745738
2025-09-09 15:00:00,-0.031774364
2025-09-09 16:00:00,-0.48338157
2025-09-09 17:00:00,-0.5602656
2025-09-09 18:00:00,0.08872231
2025-09-09 19:00:00,0.9173086
2025-09-09 20:00:00,1.6625539
2025-09-09 21:00:00,2.2197654
2025-09-09 22:00:00,2.459218
2025-09-09 23:00:00,2.2288432
2025-09-10 00:00:00,1.755369
2025-09-10 01:00:00,1.2236067
2025-09-10 02:00:00,0.67846286
2025-09-10 03:00:00,0.15406075
2025-09-10 04:00:00,-0.31191933
2025-09-10 05:00:00,-0.59435874
2025-09-10 06:00:00,-0.10558615
2025-09-10 07:00:00,0.687584
2025-09-10 08:00:00,1.4516989
2025-09-10 09:00:00,2.0672078
2025-09-10 10:00:00,2.3945339
2025-09-10 11:00:00,2.2812116
2025-09-10 12:00:00,1.8381884
2025-09-10 13:00:00,1.3188171
2025-09-10 14:00:00,0.77501464
2025-09-10 15:00:00,0.24327178
2025-09-10 16:00:00,-0.23592961
2025-09-10 17:00:00,-0.6024665
2025-09-10 18:00:00,-0.34380594
2025-09-10 19:00:00,0.4085106
2025-09-10 20:00:00,1.2179539
2025-09-10 21:00:00,1.9169345
2025-09-10 22:00:00,2.3783462
2025-09-10 23:00:00,2.4535418
2025-09-11 00:00:00,2.1003888
2025-09-11 01:00:00,1.6013726
2025-09-11 02:00:00,1.0600553
2025-09-11 03:00:00,0.52198017
2025-09-11 04:00:00,0.019048274
2025-09-11 05:00:00,-0.4127816
2025-09-11 06:00:00,-0.4704567
2025-09-11 07:00:00,0.154031
2025-09-11 08:00:00,0.9395782
2025-09-11 09:00:00,1.6350778
2025-09-11 10:00:00,2.1390522
2025-09-11 11:00:00,2.3252904
2025-09-11 12:00:00,2.061996
2025-09-11 13:00:00,1.5944312
2025-09-11 14:00:00,1.0719318
2025-09-11 15:00:00,0.5402201
2025-09-11 16:00:00,0.03737615
2025-09-11 17:00:00,-0.4123851
2025-09-11 18:00:00,-0.63360655
2025-09-11 19:00:00,-0.123488896
2025-09-11 20:00:00,0.652961
2025-09-11 21:00:00,1.398779
2025-09-11 22:00:00,2.0074685
2025-09-11 23:00:00,2.3503864
2025-09-12 00:00:00,2.280182
2025-09-12 01:00:00,1.8709385
2025-09-12 02:00:00,1.370032
2025-09-12 03:00:00,0.8393473
2025-09-12 04:00:00,0.32024732
2025-09-12 05:00:00,-0.14763175
2025-09-12 06:00:00,-0.50842476
2025-09-12 07:00:00,-0.3550154
2025-09-12 08:00:00,0.29096425
2025-09-12 09:00:00,1.0059583
2025-09-12 10:00:00,1.6158
2025-09-12 11:00:00,2.0194395
2025-09-12 12:00:00,2.0872767
